Adjetivo,Frequência,Categoria
bonita,852,
linda,794,
louca,263,
novinha,207,
gostosa,183,
boa,159,
feia,153,
feliz,145,
dona,123,
mãe,110,
bela,106,
sozinha,96,
nova,94,
cheia,90,
flor,80,
top,75,
igual,73,
diferente,73,
casada,72,
laiá,69,
feita,68,
luz,66,
triste,65,
maravilhosa,63,
morena,63,
solteira,62,
brasileira,60,
maluca,60,
doida,56,
gata,54,
pura,52,
rica,52,
bonitas,52,
bandida,51,
criança,47,
tipo,47,
beleza,44,
samba,44,
preta,44,
mamãe,43,
branca,43,
gerais,42,
perfeita,41,
capaz,40,
bom,40,
namoradeira,38,
coisa,38,
bonitinha,37,
mesma,37,
filha,37,
princesa,36,
lindas,36,
quente,36,
estrela,35,
negra,35,
vida,35,
comigo,34,
amor,34,
ingrata,34,
foda,33,
ciumenta,33,
má,33,
esperta,33,
carinhosa,32,
inocente,32,
carente,32,
loucas,32,
presente,32,
bacana,32,
doce,31,
quica,31,
braba,31,
faceira,31,
novinhas,30,
cheirosa,30,
forte,30,
fiel,30,
sensual,30,
guerreira,30,
parte,28,
divina,28,
tentação,27,
culpada,27,
nervosa,27,
escura,26,
musa,26,
segura,26,
carioca,25,
paixão,25,
rebola,24,
baiana,23,
morta,23,
sincera,23,
acorde,23,
madura,23,
grande,23,
independente,23,
dengosa,23,
dinheiro,23,
mera,22,
amiga,22,
chapa,22,
nua,22,
pobre,22,
livre,21,
falsa,21,
fatal,21,
doente,21,
pisca,21,
briga,21,
ilusão,21,
errada,21,
apaixonada,21,
veneno,20,
difícil,20,
teimosa,20,
doidinha,20,
envolvente,20,
tum,20,
direita,20,
viva,20,
gente,20,
perigosa,19,
presa,19,
sensacional,19,
alegria,19,
safada,19,
maneira,18,
iguais,18,
inteligente,18,
soltinha,18,
nota,18,
sangue,18,
saudade,18,
formosa,18,
virgem,17,
comprometida,17,
paz,17,
clara,17,
meiga,17,
nuas,17,
amante,17,
prosa,17,
pequena,17,
preciso,17,
metade,16,
ligada,16,
sexy,16,
parada,16,
lua,16,
fogosa,16,
coroa,16,
velha,16,
hora,16,
maldosa,16,
chata,16,
tristeza,16,
puta,16,
distração,15,
firmeza,15,
maior,15,
estranha,15,
razão,15,
galera,15,
ruim,15,
moderna,15,
poderosa,15,
cara,15,
belas,14,
baladeira,14,
água,14,
charmosa,14,
ouro,14,
viúva,14,
ideal,14,
distante,14,
moreninha,14,
fruta,14,
terra,14,
delicada,14,
companheira,14,
alheia,14,
cruel,14,
atriz,13,
comum,13,
fé,13,
puro,13,
coração,13,
sereia,13,
nana,13,
enganada,13,
contente,13,
safadinha,13,
melhor,13,
fácil,13,
dança,13,
guerreiras,13,
vaidosa,13,
homem,12,
natureza,12,
fria,12,
nobre,12,
séria,12,
rara,12,
loira,12,
massa,12,
querida,12,
mano,12,
infeliz,12,
seca,12,
caprichosa,12,
danada,12,
deusa,12,
carpideira,12,
solteiras,12,
santa,12,
cheio,12,
chique,11,
maravilha,11,
doidona,11,
amarela,11,
dia,11,
cura,11,
indecente,11,
atrevida,11,
verdadeira,11,
papo,11,
arrependida,11,
pedra,11,
capa,11,
bole,11,
única,11,
menino,11,
patricinha,11,
cabeça,11,
amada,11,
mocinha,11,
bis,11,
louco,11,
experiente,11,
viola,10,
cidade,10,
gorda,10,
vista,10,
canção,10,
legal,10,
pequenina,10,
real,10,
sinhá,10,
sapeca,10,
sertão,10,
cansada,10,
noite,10,
baixinha,10,
felicidade,10,
elegante,10,
perdida,10,
irmã,10,
desconfiada,10,
volta,9,
interesseira,9,
juro,9,
gato,9,
solidão,9,
impossível,9,
rendeira,9,
história,9,
simples,9,
funkeira,9,
fera,9,
aflita,9,
boneca,9,
tamanha,9,
zica,9,
fantasia,9,
terrível,9,
decente,9,
guia,9,
loca,9,
corpo,9,
maria,9,
brilha,9,
gostoso,9,
verdade,9,
larga,9,
irmão,9,
especial,9,
casa,9,
problema,9,
colorida,8,
sorte,8,
primeira,8,
importante,8,
sentimento,8,
tempo,8,
gamada,8,
super,8,
rapaz,8,
gita,8,
suja,8,
fumaça,8,
tereza,8,
objeto,8,
brisa,8,
causa,8,
normal,8,
sagrado,8,
saia,8,
atraente,8,
saudosa,8,
selvagem,8,
zangada,8,
goiana,8,
acostumada,8,
fofinha,8,
locutor,8,
animadinha,8,
amigos,8,
jovem,8,
leviana,8,
profissional,8,
incrível,8,
loka,8,
gama,8,
pique,8,
voz,8,
tempestade,8,
pai,8,
folha,8,
alta,8,
porta,8,
magra,8,
mimosa,8,
simpática,8,
liberdade,8,
preciosa,8,
prima,7,
mistério,7,
menininha,7,
vulgares,7,
vazia,7,
aventura,7,
vovó,7,
jóia,7,
amigo,7,
cerveja,7,
quietinha,7,
modelo,7,
mundo,7,
fêmea,7,
traiçoeira,7,
marrenta,7,
2x,7,
acompanhada,7,
pirada,7,
show,7,
parceira,7,
boba,7,
magoada,7,
bola,7,
confusa,7,
boazinha,7,
bicho,7,
bebida,7,
manhosa,7,
saliente,7,
caridade,7,
imploras,7,
vermelha,7,
mala,7,
brincadeira,7,
santinha,7,
insana,7,
funk,7,
punk,7,
desprezada,7,
poesia,7,
véia,7,
gordinha,7,
ligeiro,7,
pronta,7,
jazz,7,
estilo,7,
chapada,7,
bolada,7,
terrorista,7,
preparada,7,
aranha,7,
calma,7,
fullgás,7,
assanhada,7,
descontroladas,7,
sensação,6,
decidida,6,
preto,6,
completa,6,
infiel,6,
fascinante,6,
bunita,6,
mãezinha,6,
sol,6,
sorriso,6,
rock,6,
flores,6,
mandona,6,
feiticeira,6,
banda,6,
pira,6,
oxum,6,
dor,6,
malvada,6,
troca,6,
biga,6,
pessoa,6,
vitamina,6,
amores,6,
calada,6,
feminina,6,
solteirona,6,
insatisfeita,6,
atração,6,
ferida,6,
assanhadinha,6,
ausente,6,
mão,6,
crianças,6,
interessante,6,
tarada,6,
mãos,6,
cachorra,6,
sentimental,6,
cuidado,6,
deprimida,6,
certeza,6,
vento,6,
rebelde,6,
complicada,6,
fortuna,6,
axé,6,
gool,6,
sagaz,6,
tranquila,6,
cigana,6,
danadinha,6,
cega,6,
skatista,5,
cisma,5,
frágil,5,
valente,5,
resolvida,5,
mole,5,
imensa,5,
necessária,5,
engraçada,5,
burra,5,
brilhante,5,
caliente,5,
fogo,5,
estressada,5,
cobiçada,5,
ligeira,5,
gentis,5,
grávida,5,
estéreis,5,
original,5,
areia,5,
bença,5,
cachaça,5,
toque,5,
macia,5,
mudada,5,
durona,5,
virtuosa,5,
alma,5,
pior,5,
gelada,5,
virada,5,
avião,5,
histórias,5,
terrestre,5,
brejeira,5,
abelha,5,
suada,5,
aventureira,5,
pérola,5,
encontrada,5,
música,5,
nacional,5,
acabada,5,
tiro,5,
pobrezinha,5,
família,5,
viciada,5,
madame,5,
bamba,5,
professora,5,
prostituta,5,
absoluta,5,
cor,5,
chica,5,
praia,5,
mineira,5,
iemanjá,5,
morte,5,
cabocla,5,
bailarina,5,
disposta,5,
olhos,5,
eterna,5,
morá,5,
senhor,5,
formada,5,
filho,5,
inacreditável,5,
orgulhosa,5,
noiva,5,
vulgar,5,
pros,5,
venenosa,5,
inté,5,
carro,5,
maloca,5,
discreta,5,
pele,5,
taradinha,5,
bipolar,5,
página,5,
preferida,5,
princesinha,5,
tenebrosa,5,
doutor,5,
violenta,5,
destemida,5,
alegre,5,
esquisita,5,
insegura,5,
traída,5,
tia,5,
espetacular,5,
mercenária,5,
gentil,5,
dividida,5,
tirana,5,
singela,5,
judia,5,
gatinha,5,
solução,5,
natural,5,
qué,5,
suave,5,
estilosa,5,
felina,5,
disposição,5,
certo,4,
cansado,4,
dependente,4,
famosa,4,
disculparte,4,
ofegante,4,
encantada,4,
perfeição,4,
viagem,4,
fita,4,
curva,4,
costume,4,
tímida,4,
rap,4,
confiante,4,
mimada,4,
oooooo,4,
total,4,
esmeralda,4,
ternura,4,
forçada,4,
cismada,4,
fonte,4,
milagrosa,4,
descente,4,
facas,4,
primavera,4,
mônica,4,
passageira,4,
pretinha,4,
tchuk,4,
boas,4,
louquinha,4,
contigo,4,
vistosa,4,
café,4,
covardia,4,
medonha,4,
sertaneja,4,
soberana,4,
raridade,4,
poxa,4,
cabulosa,4,
meio,4,
inspiração,4,
sentida,4,
morenas,4,
erva,4,
rima,4,
potente,4,
cama,4,
confusas,4,
sequestrada,4,
popular,4,
bagunceira,4,
senhorio,4,
aposentada,4,
macho,4,
rotas,4,
doideira,4,
festa,4,
atentas,4,
malandra,4,
matogrossense,4,
respeito,4,
diferenciada,4,
serpente,4,
vezes,4,
chamada,4,
gulosa,4,
forrozeira,4,
milonga,4,
abusada,4,
la,4,
fraca,4,
olho,4,
pá,4,
liga,4,
vadia,4,
aperta,4,
cuca,4,
compra,4,
tranqueira,4,
testemunha,4,
pequenas,4,
clarice,4,
quieta,4,
ardente,4,
vinda,4,
curta,4,
diana,4,
obatalá,4,
poeira,4,
gerada,4,
trinca,4,
martírio,4,
indefesa,4,
litorânea,4,
expansiva,4,
contemporânea,4,
espontânea,4,
balança,4,
loucona,4,
amanda,4,
vera,4,
chá,4,
malagueta,4,
distraída,4,
milionária,4,
fina,4,
aminha,4,
americana,4,
perdição,4,
escandalosa,4,
obra,4,
malha,4,
encantadora,4,
povo,4,
carne,4,
ave,4,
inteira,4,
vez,4,
maravilhosas,4,
bala,4,
vagabundo,4,
fã,4,
surda,4,
furacão,4,
covarde,4,
moleca,4,
bendita,4,
minina,4,
firme,4,
incríveis,4,
créeme,4,
onda,4,
fingida,4,
tamo,4,
loucura,4,
molhada,4,
licença,4,
piriguete,4,
mentira,4,
pelada,4,
magrinha,4,
dona-de-casa,4,
sonho,4,
rock'n'roll,3,
sistema,3,
geral,3,
frutos,3,
aborrecida,3,
leoa,3,
satisfação,3,
vila,3,
patrão,3,
anjo,3,
quebra,3,
magia,3,
suor,3,
cabrocha,3,
banca,3,
delícia,3,
indigesta,3,
dj,3,
más,3,
rampeira,3,
cantoria,3,
pecadora,3,
minh'alma,3,
bonitinhas,3,
bicha,3,
inimigos,3,
acordada,3,
miudinha,3,
gamadão,3,
desculpa,3,
lisa,3,
moçada,3,
dita,3,
astral,3,
melodia,3,
bonequeira,3,
horas,3,
grudada,3,
costureira,3,
gestante,3,
padrão,3,
azul,3,
fenomenal,3,
torta,3,
sacana,3,
babá,3,
descalça,3,
sapequinha,3,
shineray,3,
perigo,3,
nutella,3,
muamba,3,
roqueira,3,
claudinha,3,
pagode,3,
contemplada,3,
sucesso,3,
chapa-quente,3,
imunda,3,
surreal,3,
estrada,3,
tanajura,3,
crescida,3,
motivo,3,
proibida,3,
carinhosas,3,
provocante,3,
chuva,3,
pureza,3,
desumana,3,
orgulho,3,
saúde,3,
galinha,3,
desenhada,3,
caridosa,3,
soltinhas,3,
senhores,3,
radical,3,
protegida,3,
espinho,3,
jeito,3,
ponta,3,
limpa,3,
excitante,3,
despejada,3,
graça,3,
ensinada,3,
roça,3,
filé,3,
atenção,3,
vilã,3,
zen,3,
genial,3,
doidas,3,
grão,3,
lalalalalalala,3,
rua,3,
formiga,3,
sexo,3,
abóbora,3,
escuridão,3,
envenenada,3,
fanática,3,
jogo,3,
doutrina,3,
osso,3,
influenciada,3,
levada,3,
filhinha,3,
dahora,3,
estrago,3,
zefa,3,
chave,3,
sedutora,3,
coca,3,
passado,3,
barro,3,
boiadeira,3,
voce,3,
pensativa,3,
naipe,3,
tecelã,3,
culpa,3,
mineiro,3,
morro,3,
especiais,3,
tonta,3,
comuns,3,
principal,3,
apertada,3,
tola,3,
coisinha,3,
sinuosa,3,
sutil,3,
magrela,3,
baixa,3,
recalcada,3,
unidas,3,
cintilante,3,
garoto,3,
morgana,3,
franzina,3,
tesouro,3,
libérrima,3,
xucra,3,
alucina,3,
atuante,3,
gostosinha,3,
humana,3,
manera,3,
cubanita,3,
negócio,3,
futura,3,
águia,3,
d'água,3,
loura,3,
turbinada,3,
clementina,3,
roupa,3,
baba,3,
perfeito,3,
armada,3,
indecisa,3,
sacrifícios,3,
trabalho,3,
relíquia,3,
maimbê,3,
_,3,
criada,3,
chegada,3,
garotinha,3,
carregada,3,
cheias,3,
pantera,3,
sociedade,3,
debochada,3,
ladaia,3,
sabatana,3,
insaciável,3,
bonitinho,3,
faladeira,3,
carinho,3,
ganga-zumba,3,
prestes,3,
celebridade,3,
bruxinha,3,
notícia,3,
forga,3,
descontrolada,3,
bagunça,3,
metida,3,
refrão,3,
valsa,3,
verde,3,
pesada,3,
pombinha,3,
alto,3,
pop,3,
cadela,3,
maldade,3,
moço,3,
fim,3,
caneta,3,
saravá,3,
piranha,3,
olhar,3,
uso,3,
rosinha,3,
misteriosa,3,
substituta,3,
perversa,3,
guardada,3,
lazer,3,
fruto,3,
arma,3,
boladona,3,
teto,3,
anfetamina,3,
obrigada,3,
esquecida,3,
mili,3,
cegas,3,
camponesa,3,
discutível,3,
amazonense,3,
amigas,3,
ninfo,3,
blues,3,
rosas,3,
arlequina,3,
afinada,3,
companhia,3,
sapatão,3,
felizes,3,
burguesinha,3,
asas,3,
boca,3,
trilha,3,
passista,3,
política,3,
cabelo,3,
brincalhona,3,
briguenta,3,
machista,3,
deitada,3,
suma,2,
deslumbrantes,2,
majestade,2,
casadas,2,
alarme,2,
loirinha,2,
vulcão,2,
menor,2,
motorista,2,
dias,2,
chateada,2,
imponente,2,
delegada,2,
malucona,2,
pagodeira,2,
coro,2,
mandada,2,
vadias,2,
gringo,2,
empolgada,2,
money,2,
glória,2,
inteligentes,2,
estranhas,2,
joia,2,
escrita,2,
escolhida,2,
cartola,2,
preguiçosa,2,
namorista,2,
bunduda,2,
carinha,2,
veterana,2,
lavadeira,2,
racional,2,
zangado,2,
certa,2,
querido,2,
peru,2,
ciumentas,2,
vaca,2,
diva,2,
agarradinho,2,
embraza,2,
bossa,2,
trem,2,
luxuosa,2,
lei,2,
generosa,2,
esnobe,2,
enfermeira,2,
perdão,2,
tchan,2,
suicida,2,
bandoneon,2,
destaque,2,
sóbria,2,
gêmeas,2,
iaiá,2,
personagem,2,
graciosa,2,
batuta,2,
anéis,2,
rastros,2,
ilha,2,
bebidas,2,
ditadura,2,
patroa,2,
compadre,2,
fumeta,2,
cagada,2,
tranzeira,2,
dedicada,2,
kama,2,
imperfeita,2,
negras,2,
impressionante,2,
feias,2,
corda,2,
imbica,2,
digna,2,
justa,2,
pernas,2,
descuidada,2,
ambiciosa,2,
rimo,2,
irmãs,2,
fobia,2,
sorridente,2,
assombração,2,
passarinho,2,
química,2,
união,2,
fidelidade,2,
anabela,2,
mania,2,
molhadinha,2,
paixões,2,
invejosa,2,
chiquinha,2,
perfeitas,2,
noturna,2,
esponja,2,
batata,2,
flecha,2,
vacilona,2,
maioral,2,
etra,2,
certeira,2,
hermafrodita,2,
sozinhos,2,
fila,2,
enrolada,2,
contenção,2,
meia-noite,2,
secas,2,
cidadão,2,
diversão,2,
esquálido,2,
zumba,2,
êêê,2,
reserva,2,
mundial,2,
ganga,2,
lembranças,2,
cínica,2,
carnaval,2,
lacradora,2,
sinistras,2,
chapadona,2,
sofisticada,2,
pressente,2,
segredo,2,
obra-prima,2,
coberta,2,
engravidada,2,
baiãozinho,2,
essência,2,
terno,2,
paciência,2,
poder,2,
barata,2,
mineiras,2,
sombrias,2,
quarta,2,
iguaizinhas,2,
chocada,2,
supralusitana,2,
ginga,2,
avó,2,
feijão,2,
palavra,2,
emoção,2,
surpresa,2,
bons,2,
inda,2,
forró,2,
sirigaita,2,
charme,2,
fada,2,
garbo,2,
igualzinha,2,
gargalha,2,
nóis,2,
melancia,2,
cadeira,2,
descompassa,2,
maçã,2,
alérgica,2,
frutas,2,
gato)eu,2,
melão,2,
eeemmm,2,
invenção,2,
principais,2,
mi,2,
sofredora,2,
caipira,2,
rico,2,
malandrinha,2,
materialista,2,
romântica,2,
idealista,2,
olhada,2,
cozinha,2,
mulata,2,
cê,2,
mistura,2,
coadjuvantes,2,
energia,2,
biquíni,2,
sozinhas,2,
alfacinha,2,
cratapumba,2,
anfitrião,2,
cavala,2,
sabor,2,
fulana,2,
aleluia,2,
zona,2,
fofo,2,
vó,2,
xona,2,
morô,2,
padroeira,2,
vaga,2,
porrada,2,
pandora,2,
mansa,2,
calor,2,
bisa,2,
concha,2,
neurose,2,
neguinho,2,
lírica,2,
sedutor,2,
quinhentos,2,
urata,2,
dançarina,2,
dibica,2,
mudança,2,
nome,2,
baila,2,
ligeirinho,2,
gostosas,2,
berimba,2,
droga,2,
catra,2,
sinfônica,2,
sarita,2,
},2,
verão,2,
quebradeira,2,
intensa,2,
increnqueira,2,
putinha,2,
vontade,2,
flex,2,
geração,2,
arrepio,2,
soltas,2,
cordão,2,
coleção,2,
bomba,2,
h,2,
mar,2,
careta,2,
tatuagem,2,
sal,2,
chefe,2,
merecedora,2,
feitiço,2,
nativa,2,
mágoa,2,
potranca,2,
cevei,2,
morada,2,
nananana,2,
risonha,2,
mocidade,2,
nenê,2,
chacrinha,2,
ficô,2,
lalalá,2,
cremos-a-a-a,2,
grandão,2,
corajosa,2,
beat,2,
afiada,2,
quieto,2,
queimada,2,
ninfeta,2,
mermão,2,
imune,2,
putaria,2,
trama,2,
lecastily,2,
diferentona,2,
faxineira,2,
canetada,2,
vampira,2,
mana,2,
mensageira,2,
truta,2,
fissurada,2,
atenta,2,
su,2,
ar,2,
singular,2,
elétrica,2,
densa,2,
futebol,2,
faraó,2,
guria,2,
fútil,2,
neurótica,2,
impressionada,2,
gueixa,2,
conhecida,2,
friazona,2,
gigante,2,
sedenta,2,
sonhos,2,
menores,2,
celeste,2,
celestial,2,
cavalo,2,
homens,2,
faró,2,
harpia,2,
rarara,2,
voraz,2,
mama,2,
mensagem,2,
canto,2,
transgênica,2,
doença,2,
engraçadinha,2,
boçal,2,
terrestres,2,
envolvida,2,
passo,2,
chavio,2,
gêmea,2,
chic,2,
magnética,2,
adelita,2,
papai,2,
arrochadinha,2,
chandon,2,
lotado,2,
ces,2,
goiabada,2,
cascão,2,
cerva,2,
bosal,2,
bumbum,2,
lálá,2,
sábia,2,
saída,2,
relação,2,
glamour,2,
profissionais,2,
exclusiva,2,
protetora,2,
bandidas,2,
comando,2,
neuma,2,
meninos,2,
fechada,2,
ladina,2,
pipoca,2,
animal,2,
ciente,2,
vestida,2,
ignorante,2,
arisca,2,
margarida,2,
sapateia,2,
véve,2,
serena,2,
moca,2,
ruaceira,2,
vestido,2,
forma,2,
píui,2,
útil,2,
vixe,2,
mainha,2,
levante,2,
invisível,2,
lama,2,
deslumbrante,2,
sacola,2,
beldades,2,
rodada,2,
engraçadinhas,2,
tela,2,
coco,2,
jeitosa,2,
manequim,2,
calmos,2,
santas,2,
robe,2,
beijoqueira,2,
treme-treme,2,
quage,2,
treinada,2,
tchuin,2,
lenha,2,
anos,2,
abismo,2,
corrente,2,
confusão,2,
divertida,2,
sapecas,2,
bella,2,
bovina,2,
virtuosas,2,
batalhadora,2,
ingênua,2,
conversa,2,
mentirosa,2,
neol,2,
fabulosa,2,
liberada,2,
explosiva,2,
exuberante,2,
juventude,2,
montada,2,
parecidos,2,
multicolor,2,
abusiva,2,
femea,2,
balsas,2,
estudante,2,
honesta,2,
admirada,2,
anarquista,2,
vivo,2,
cinéfila,2,
cabeças,2,
borboleta,2,
well,2,
mandinga,2,
estação,2,
enfezada,2,
justo,2,
caolha,2,
fashion,2,
verdes,2,
fantasiada,2,
véio,2,
global,2,
pistoleira,2,
cachaceira,2,
sinceras,2,
vagaba,2,
zélia,2,
atoa,2,
champanhe,2,
populosa,2,
sanfona,2,
exigente,2,
convidada,2,
assassina,2,
otária,2,
estrangeira,2,
espanto,2,
tristonha,2,
virge,2,
ruiva,2,
mia,2,
santidade,2,
hip,2,
malucas,2,
pretos,2,
juliana,2,
sandrinha,2,
som,2,
errante,2,
salida,2,
desesperada,2,
assadinha,2,
caçadora,2,
maluquinha,2,
bondade,2,
putas,2,
prazer,2,
pena,2,
irresistível,2,
goteira,2,
laia,2,
raiz,2,
amorosa,2,
sereias,2,
volúvel,2,
iluminada,2,
ideia,2,
estéril,2,
bobeia,2,
silicone,2,
madalenas,2,
condessa,2,
rota,2,
campeã,2,
pipa,2,
namoradeiras,2,
drogadas,2,
recordação,2,
éa,2,
miragem,2,
dispersa,2,
nananananana,2,
mariposa,2,
pras,2,
louça,2,
banana,2,
pagã,2,
vitória,2,
reais,2,
marias,2,
pleno,2,
rosa,2,
fantástica,2,
pontiaguda,2,
número,2,
traiçoeiras,2,
amarga,2,
fofa,2,
cehio,2,
arrumadinha,2,
fênix,2,
proteção,2,
claríssima,2,
moda,2,
desvalida,2,
ricas,2,
japonesa,2,
dolores,2,
audaz,2,
ativa,2,
deliciosa,2,
exemplo,2,
indiferente,2,
decadentes,2,
narana,2,
coisas,2,
educada,2,
gritai,2,
explosão,2,
divinal,2,
filhos,2,
circunflexos,2,
inferior,2,
pomba,2,
compreendida,2,
benzinho,2,
ieeh,2,
perfume,2,
sedução,2,
galanteios,2,
creuza,2,
sarada,2,
sambar,2,
encrenqueira,2,
possessiva,2,
baranga,2,
franca,2,
turma,2,
mal-amada,2,
carentes,2,
barriguda,2,
véri,2,
miss,2,
tensa,2,
ferrada,2,
neve,2,
depressiva,2,
prova,2,
amarrada,2,
cadente,2,
suadouro,2,
xiu,1,
caça,1,
fechamento,1,
mermo,1,
pano,1,
gramas,1,
cacareja,1,
correta,1,
lunática,1,
tramas,1,
drogas,1,
estilistas,1,
hit,1,
enchente,1,
copos,1,
deusas,1,
curvas,1,
raivosa,1,
flora,1,
medo,1,
filhas,1,
nostradamus,1,
súbita,1,
emotiva,1,
brusca,1,
correria,1,
hipnotizante,1,
inconstante,1,
broxante,1,
traficante,1,
puros,1,
militar,1,
indecência,1,
daúde,1,
agressivo,1,
sufocante,1,
gamadinha,1,
formas,1,
geme,1,
exposa,1,
árdua,1,
horrível,1,
enloquece,1,
zoeira,1,
provisórias,1,
vizinhas,1,
estudantes,1,
biblica,1,
desvalorizada,1,
máximo,1,
casca,1,
podre,1,
deturpada,1,
maxilar,1,
influência,1,
pricipal,1,
autor,1,
diferença,1,
maquiagem,1,
tres,1,
chan-chan,1,
atras,1,
disciplina,1,
felizão,1,
íntima,1,
tiempos,1,
betement,1,
nina,1,
antipática,1,
lígia,1,
armadilha,1,
fixa,1,
gatuna,1,
redução,1,
reila,1,
aguerrida,1,
intrépida,1,
expressa,1,
fyah,1,
perguntá,1,
ouvida,1,
abração,1,
plact,1,
plunct,1,
brandas,1,
preço,1,
sorridenti,1,
ricordi,1,
hipnotizada,1,
verso,1,
letra,1,
luzia,1,
purificação,1,
predileta,1,
virtude,1,
doidão,1,
cola,1,
inumeras,1,
afim,1,
fia,1,
passatempo,1,
bota,1,
jogada,1,
fértil,1,
laser,1,
spot,1,
buena,1,
xuxa,1,
onça,1,
gaúcha,1,
buya,1,
hinga,1,
desejos,1,
andarilha,1,
saideira,1,
luciférica,1,
governanta,1,
pruma,1,
braços,1,
sangues,1,
bonecas,1,
submersas,1,
grávidas,1,
rimador,1,
sossegada,1,
vapor,1,
glamurosa,1,
dura,1,
esparrada,1,
caguetagem,1,
eufórica,1,
adimira,1,
avulso,1,
gelo,1,
monstra,1,
cata,1,
impunidade,1,
inquilina,1,
underground,1,
terapia,1,
traca,1,
alívio,1,
fuzís,1,
cobaia,1,
sujas,1,
solitaria,1,
presidiaria,1,
espantada,1,
humilhada,1,
bolado,1,
feno,1,
assobia,1,
tranquilo,1,
locas,1,
serio,1,
jánai,1,
egoísta,1,
dendê,1,
noça,1,
enfeitiçado,1,
lado,1,
carta,1,
caveira,1,
possessivas,1,
inconveniente,1,
resposta,1,
viúvas,1,
afronta,1,
relações,1,
femini,1,
rude,1,
swag,1,
tigre,1,
chão,1,
diamante,1,
estrelas,1,
vil,1,
classy,1,
sobremesa,1,
ichiban,1,
nave,1,
palmas,1,
sensualidade,1,
diarista,1,
excitadinha,1,
desejo,1,
vaqueiro,1,
rameira,1,
ciranda,1,
peita,1,
dodói,1,
farrar,1,
loucaça,1,
dodoi,1,
chamega,1,
doido,1,
gostamice,1,
ingenuo,1,
estuprada,1,
deu(bis,1,
injuriada,1,
glamourosa,1,
nus,1,
eva,1,
potencial,1,
incentivadora,1,
lutadora,1,
tango,1,
enbora,1,
sócia,1,
ovelha,1,
nús,1,
otaku,1,
fancy,1,
rosada,1,
travas,1,
positiva,1,
tbtexto,1,
ergo,1,
marielle,1,
wapi,1,
nauliza,1,
super-bacana,1,
calmaria,1,
zero-bala,1,
habilidosa,1,
farta,1,
intravenosa,1,
insegurança,1,
desconfiança,1,
socialite,1,
racionais,1,
multa,1,
vingativa,1,
frenética,1,
clientes,1,
cegonha,1,
escolha,1,
mato,1,
ibope,1,
solteiro,1,
passarela,1,
tradicional,1,
coxão,1,
mosca,1,
muriçoca,1,
criatura,1,
sertãs,1,
delicinha,1,
decem,1,
thalia,1,
brabas,1,
julieta,1,
roleta,1,
brincadeiras,1,
incomparável,1,
perfeitinha,1,
contaminada,1,
matilde,1,
faiz,1,
mulher-home,1,
travesti,1,
pobres,1,
menorzin,1,
garotão,1,
empinadinha,1,
marrento,1,
canditada,1,
clássica,1,
sambadeira,1,
picon,1,
rapazes,1,
sarra,1,
vip,1,
hoii,1,
invento,1,
visita,1,
viciante,1,
peixão,1,
quantia,1,
paulinha,1,
aeromoça,1,
enxuta,1,
todinha,1,
verdinha,1,
tentaçao,1,
cheiro,1,
atoas,1,
involucra,1,
molhadinhos,1,
calminha,1,
desdita,1,
forrorea,1,
vazio,1,
largo,1,
playback,1,
monarquia,1,
enciumada,1,
chorona,1,
gandaia,1,
acesa,1,
eletricista,1,
garantida,1,
lutas,1,
cristã,1,
serenata,1,
contratos,1,
raposa,1,
exerções,1,
bebê,1,
trampo,1,
purpurina,1,
foliona,1,
valentona,1,
champpamgni,1,
socada,1,
cortesia,1,
cão,1,
calça,1,
saborosa,1,
trabalhadores,1,
afogada,1,
teresa,1,
insistência,1,
assustada,1,
sentarao,1,
inveja,1,
meiguinha,1,
luna,1,
zenunin,1,
ishet,1,
fur,1,
suvaqueira,1,
partes,1,
caymmi,1,
capricórnio,1,
demônio,1,
farol,1,
algema,1,
pae,1,
time,1,
loucos,1,
vaia,1,
pólvora,1,
mídia,1,
invejável,1,
fresca,1,
lobo-bolo,1,
magistrada,1,
eclipse,1,
consciente,1,
quereno,1,
propagandoa,1,
hahahaha,1,
sabias,1,
hip-hop,1,
gin,1,
tablatura,1,
parafina,1,
livros,1,
cortante,1,
encrusta,1,
tremer,1,
rueira,1,
ascese,1,
infinita,1,
maliciosa,1,
ati,1,
agaxa,1,
sinuca,1,
madeira,1,
navucha,1,
sofredor,1,
sertãzinho,1,
seresteira,1,
lalalalaralala,1,
candeeiro,1,
taberna,1,
míranos,1,
tierna,1,
relevo,1,
mística,1,
abras,1,
crepitantes,1,
constante,1,
poetas,1,
garrida,1,
antártica,1,
balanço,1,
diabo,1,
questionada,1,
moral,1,
dominadora,1,
aiaiai,1,
arassa,1,
animadadança,1,
roleira,1,
piradas,1,
afoita,1,
garrafa,1,
indireta,1,
ísca,1,
bolosa,1,
sequência,1,
incontrolável,1,
ahn,1,
acelerada,1,
impostor,1,
graduada,1,
quado,1,
incomparavel,1,
mane,1,
vinheta,1,
divinas,1,
agenda,1,
automóveis,1,
gostosin,1,
catucada,1,
abacaxi,1,
arrochada,1,
enlouquecida,1,
sex,1,
transitória,1,
zarôia,1,
vício,1,
comportas,1,
calientes,1,
violência,1,
marginais,1,
geradora,1,
cartas,1,
brancos,1,
crazy,1,
breteira,1,
zueira,1,
tigresa,1,
desquitada,1,
confiança,1,
paloma,1,
conselheira,1,
arrumadeira,1,
cozinheira,1,
faceiras,1,
delírio,1,
hinaus,1,
colírio,1,
açucarada,1,
sublime,1,
cuidadosa,1,
tratada,1,
trovão,1,
sabida,1,
vadiagem,1,
sub-12,1,
adolescentes,1,
aparatam,1,
tarde,1,
dedo,1,
städtele,1,
caseira,1,
sianinha,1,
caô,1,
redenção,1,
nação,1,
mangueira,1,
batucadas,1,
famosas,1,
tamoios,1,
xica,1,
matas,1,
soberanas,1,
eldorado,1,
irmandade,1,
atotô,1,
auê,1,
mangueirense,1,
bonequinha,1,
povão,1,
tudom,1,
ra,1,
giesta,1,
enturmada,1,
rosana,1,
tumba,1,
desamor,1,
dimensão,1,
sambista,1,
inseparável,1,
tampa,1,
roceira,1,
xiruazita,1,
gaita,1,
traço,1,
fiasco,1,
pequenininha,1,
campeira,1,
alevantar,1,
dotora,1,
ritmo,1,
luka)nossa,1,
pucha,1,
ala,1,
vendavais,1,
parede,1,
fronteiriça,1,
laranjeira,1,
desleal,1,
claro,1,
batê,1,
disconfia,1,
sarilho,1,
atual,1,
cantores,1,
barbada,1,
vocês,1,
varicela,1,
barbeiras,1,
solteironas,1,
faladeiras,1,
arvoredo,1,
adeus,1,
gritá,1,
semana,1,
raimunda,1,
inconsequência,1,
tosada,1,
riograndense,1,
emboca,1,
maneias,1,
sovéus,1,
chilenas,1,
retornão,1,
boêmia,1,
upapapapa,1,
veínha,1,
comprida,1,
fraquejô,1,
drumia,1,
andô,1,
cortada,1,
reboleia,1,
rapariga,1,
firmina,1,
vaquiano,1,
tchanga,1,
cinoquinha,1,
troquemo,1,
carrapato,1,
versátil,1,
tiete,1,
melena,1,
marca,1,
c'ao,1,
maruca,1,
fascinação,1,
apagada,1,
mestiça,1,
tristezas,1,
antigas,1,
princesas,1,
pertin,1,
brancas,1,
sla,1,
ansiosa,1,
tomui,1,
butequeira,1,
baia,1,
honra,1,
cobiçado,1,
gratidão,1,
amistosa,1,
prisioneiro,1,
satanás,1,
censura,1,
pertinho,1,
dispensados,1,
impiedoso,1,
usada,1,
enamorada,1,
tomô,1,
perdiz,1,
botá,1,
reclamação,1,
fizero,1,
ligado,1,
trenzim,1,
laço,1,
gostosona,1,
criação,1,
ligria,1,
alinhamento,1,
capacidade,1,
irreal,1,
existente,1,
pais,1,
velhos,1,
ação,1,
pálida,1,
acolhida,1,
sanat,1,
conceição,1,
búfalo,1,
palavras,1,
coladera,1,
louraça,1,
ess,1,
cordâ,1,
dêss,1,
bedjice,1,
tchà,1,
liviá,1,
tentá,1,
êss,1,
cora,1,
presunçosa,1,
lindia,1,
criticada,1,
belzebu,1,
perdedor,1,
branquinhas,1,
levantô,1,
ousadas,1,
fazendeira,1,
mudo,1,
calejada,1,
verdadeiro,1,
dvd,1,
dizêno,1,
comunhão,1,
colcha,1,
tropicalista,1,
piratas,1,
sinhasinha,1,
fujona,1,
times,1,
lições,1,
pensô,1,
yaô,1,
parecidas,1,
sansão,1,
dindinha,1,
apassionata,1,
simbora,1,
ciência,1,
noivinha,1,
africana,1,
clareia,1,
glorificada,1,
titila,1,
aurora,1,
compreendê,1,
formosas,1,
delelá,1,
acompanhô,1,
apôis,1,
contrariada,1,
credo,1,
blindada,1,
lourdinha,1,
terceira,1,
abandonada,1,
birrenta,1,
certinha,1,
altaneira,1,
cadeia,1,
matadeira,1,
casado,1,
lairê,1,
mandô,1,
remédio,1,
lembrança,1,
bobagem,1,
privilegiada,1,
realidade,1,
corista,1,
parteira,1,
cordeira,1,
palhaço,1,
marruda,1,
comprada,1,
conservada,1,
guapa,1,
raçuda,1,
possante,1,
bruto,1,
nitroglicerina,1,
manipuladora,1,
ninja,1,
ganja,1,
birita,1,
hann,1,
costa,1,
haha,1,
causo,1,
chavosa,1,
tortura,1,
old,1,
gold,1,
epifania,1,
inquieto,1,
gatona,1,
trança,1,
carai,1,
relax,1,
whisky,1,
troféu,1,
promissora,1,
ganguera,1,
assassinada,1,
merda,1,
missão,1,
infiéis,1,
mortal,1,
sacanagem,1,
serenas,1,
percebida,1,
florido,1,
8x,1,
saco,1,
neblina,1,
zuada,1,
volantes,1,
nítida,1,
peste,1,
damassa,1,
perva,1,
pussy,1,
sólida,1,
pontual,1,
hype,1,
complicação,1,
didática,1,
mel,1,
feiosa,1,
contato,1,
elástica,1,
turva,1,
lk,1,
constelação,1,
eleita,1,
errado,1,
esmurrada,1,
esqueléticas,1,
sativa,1,
cannabis,1,
puto,1,
detalhista,1,
gremista,1,
zumbi,1,
cabaço,1,
ocupada,1,
crescidinha,1,
paranormal,1,
escrota,1,
britânica,1,
herdeira,1,
voga,1,
pró,1,
segurança,1,
gringa,1,
tata,1,
conectada,1,
múmia,1,
infame,1,
aceite,1,
ok,1,
tchus,1,
casinha,1,
trouxa,1,
confortável,1,
surtada,1,
regra,1,
rei,1,
adrenalina,1,
exagerada,1,
frenético,1,
templo,1,
livres,1,
baionetas,1,
caladas,1,
ogiva,1,
farani,1,
estuprador,1,
paciente,1,
novos,1,
éee,1,
excesso,1,
periférica,1,
ângulo,1,
lupita,1,
grito,1,
sério,1,
capricorniana,1,
experientes,1,
escorpiana,1,
provida,1,
bandido,1,
malak,1,
esteril,1,
alô,1,
positivo,1,
responsa,1,
valiosa,1,
vegetariana,1,
kaiser,1,
enferrujar,1,
tripa,1,
nuclear,1,
matte,1,
bóia,1,
vâmo,1,
medalha,1,
curto,1,
combatente,1,
assalaiado,1,
microfone,1,
melhora,1,
acuada,1,
sensíveis,1,
cegueira,1,
definição,1,
zoada,1,
single,1,
hihihihihihi,1,
perambula,1,
violentada,1,
protesto,1,
iolanda,1,
gira,1,
nigga,1,
qrê,1,
tesas,1,
excencial,1,
chapaaaada,1,
taxada,1,
nu,1,
pé,1,
cagueta,1,
categoria,1,
quinta,1,
rappers,1,
esqueiro,1,
novidade,1,
mecânica,1,
juntos,1,
soldado,1,
leta,1,
vamo,1,
chifra,1,
thururu,1,
thururuu,1,
casual,1,
barbariza,1,
hum,1,
rub,1,
compositor,1,
justiceira,1,
barriga,1,
superpoderosas,1,
poluída,1,
estradas,1,
ondas,1,
surfei,1,
carruagem,1,
branda,1,
strip,1,
brasileiras,1,
torvick,1,
forbes,1,
activa,1,
cabra,1,
imatura,1,
medicinal,1,
herói,1,
miguelense,1,
intrigado,1,
cremosa,1,
independentes,1,
méqui,1,
altas,1,
suburbano,1,
feira,1,
ein,1,
afrodescendente,1,
refém,1,
encarnação,1,
qual,1,
matemática,1,
reinaldo,1,
heim,1,
purdença,1,
desempregada,1,
parente,1,
cumpade,1,
engrupia,1,
mexicana,1,
longue,1,
preocupada,1,
raras,1,
voltamo,1,
vingança,1,
velório,1,
penetrante,1,
problemas,1,
oba,1,
bagunço,1,
hélião,1,
pregador,1,
véu,1,
canga,1,
início,1,
suco,1,
taça,1,
vemelho,1,
flamengo,1,
baile,1,
sequêncial,1,
fast,1,
norte,1,
brabona,1,
persistentes,1,
salve,1,
pretas,1,
mestre,1,
álcool,1,
carrão,1,
engraviou,1,
gesticula,1,
links,1,
ladrão,1,
segunda,1,
tiros,1,
idai,1,
talento,1,
peça,1,
grita!2x,1,
distinta,1,
resplendente,1,
transviada,1,
caminhais,1,
lésbica,1,
livro,1,
miscigenação,1,
míssil,1,
bengala,1,
pasmado,1,
ignorada,1,
debruçada,1,
leve,1,
tida,1,
distantes,1,
lesada,1,
torturada,1,
velhinha,1,
interrompida,1,
secretos,1,
baianinha,1,
cachos,1,
dentista,1,
instantanea,1,
naya,1,
mesmas,1,
temporã,1,
manos,1,
figura,1,
descambe,1,
comadre,1,
puras,1,
rostinho,1,
avozinha,1,
restaurante,1,
jovens,1,
judias,1,
concubinato,1,
urbana,1,
jambalaya,1,
grilada,1,
comportada,1,
filhinho,1,
rosto,1,
desfalecida,1,
nair,1,
gerias,1,
fidalga,1,
isabela,1,
responsável,1,
louquinhas,1,
lamento,1,
dinorá,1,
paulista,1,
loteria,1,
molhadina,1,
palma,1,
competente,1,
engrote,1,
despida,1,
skate,1,
piradinha,1,
conduzida,1,
biônica,1,
médica,1,
folgazã,1,
bruxas,1,
fasildade,1,
rezadeiras,1,
insemina,1,
embrasa,1,
fechandoo,1,
complexoo,1,
noo,1,
ango,1,
gosto,1,
dragão,1,
aneun,1,
sapiência,1,
descoberta,1,
provações,1,
mamacita,1,
urucubaca,1,
keka,1,
bizão,1,
aderiva,1,
bafora,1,
porra,1,
respondonas,1,
facilitadora,1,
acusada,1,
algodão,1,
esplendor,1,
vertiqualidade,1,
igualdade,1,
anjos,1,
pr`essa,1,
cantaria,1,
thereza,1,
resistentes,1,
inútil,1,
palmeira,1,
maresia,1,
umbanda,1,
tv,1,
moreno,1,
apressada,1,
dócil,1,
social,1,
inutilidade,1,
orquídea,1,
desirée,1,
aurá,1,
sonhadora,1,
beca,1,
mambembe,1,
belo,1,
balduíno,1,
f?il,1,
delê,1,
cigano,1,
ciclana,1,
adolescente,1,
sofá,1,
afamada,1,
decisão,1,
importantes,1,
interesante,1,
cafusa,1,
suadinha,1,
etica,1,
perdido,1,
correnteza,1,
pacero,1,
porto,1,
zika(2x,1,
zika(4x,1,
barraqueira,1,
lobo,1,
amostra,1,
gambiarra,1,
extrovertida,1,
falcão,1,
ouou,1,
empecilho,1,
notada,1,
parado,1,
beijoqueiro,1,
espuma,1,
heein,1,
enfrente,1,
vítima,1,
maridos,1,
dexa,1,
flexiona,1,
febris,1,
idiota,1,
predadora,1,
lady,1,
ócio,1,
surpreendente,1,
destino,1,
motores,1,
ficha,1,
sin,1,
ilegales,1,
amizade,1,
natalia,1,
familia,1,
xereca,1,
espera,1,
revoltada,1,
planta,1,
stronda,1,
elitizada,1,
cidreira,1,
can'tá,1,
afobada,1,
classe,1,
cuíca,1,
prosperidade,1,
fazendera,1,
quilates,1,
piratininga,1,
inocentes,1,
baronesa,1,
ritmado,1,
terras,1,
vargo,1,
dominga,1,
ficá,1,
fuleira,1,
inviolável,1,
sinhazinha,1,
insinuante,1,
pulseiras,1,
prodígio,1,
ngalami,1,
mukonda,1,
particular,1,
procura,1,
aiue,1,
machucada,1,
sambanejo,1,
deputada,1,
horizontes,1,
laialaialaia,1,
malcriada,1,
cheot,1,
shipeun,1,
cananéia,1,
atenciosa,1,
nege,1,
escorpião,1,
mobília,1,
lacradona,1,
costura,1,
aliança,1,
adalgisa,1,
parceiro,1,
barreira,1,
graias,1,
frisson,1,
clínica,1,
corpão,1,
iludida,1,
caipirinha,1,
láiá,1,
gracinha,1,
bem-vinda,1,
professor,1,
besteira,1,
sózinha,1,
roubada,1,
trabalhadeira,1,
tiririca,1,
golfeira,1,
loucutor,1,
líður,1,
precipitada,1,
arrasada,1,
beijos,1,
ótima,1,
molhadinho,1,
dificil,1,
jaca,1,
palhaça,1,
mental,1,
usguenta,1,
piveta,1,
apaz,1,
gina,1,
robot,1,
bailão,1,
granfina,1,
envergonhado,1,
tulipa,1,
cabelos,1,
indecentes,1,
sossegado,1,
bavaria,1,
possuída,1,
porreta,1,
amassadinha,1,
desandei,1,
vitoriosa,1,
formosura,1,
mariana,1,
bobo,1,
roxa,1,
papapa,1,
tetéo,1,
tihuana,1,
peão,1,
desavença,1,
palmeada,1,
facinha,1,
safadinhas,1,
refúgio,1,
incompleta,1,
presidente,1,
modernista,1,
capitu,1,
explosivas,1,
libanesa,1,
mato-grossense,1,
tini,1,
eas,1,
avontade,1,
indiscreta,1,
ha,1,
careca,1,
red,1,
bundão,1,
telepática,1,
telepata,1,
vinho,1,
banheira,1,
crente,1,
comportadinha,1,
sinceridade,1,
durmi,1,
topo,1,
mocinho,1,
ferro,1,
gaiteiro,1,
cereja,1,
vidrada,1,
autoria,1,
búzio,1,
telepatia,1,
rio,1,
aureas,1,
leis,1,
swíngar,1,
badauê,1,
brígida,1,
concessa,1,
vanjú,1,
brasileiro,1,
tahu,1,
datilógrafa,1,
força,1,
jezabel,1,
return,1,
incerte,1,
premissa,1,
melissa,1,
figurativa,1,
oligarquia,1,
fáceis,1,
substância,1,
paladar,1,
batalha,1,
palestina,1,
incrivel,1,
tímidas,1,
grude,1,
bruta,1,
loucuras,1,
bronca,1,
fechadas,1,
maiorais,1,
saciada,1,
morôcha,1,
concordada,1,
chorus,1,
chumbo,1,
rápida,1,
operárias,1,
frias,1,
economista,1,
habemus,1,
nutricionista,1,
arquiteta,1,
hooi,1,
jornalista,1,
moldura,1,
proctologista,1,
quentes,1,
oooo,1,
mias,1,
falecida,1,
fatais,1,
arroz,1,
ingrato,1,
viço,1,
pantaneira,1,
swiga,1,
inezita,1,
defensora,1,
emudecida,1,
miúda,1,
tranqüila,1,
pojs,1,
malandrona,1,
iin,1,
jovelina,1,
empresária,1,
ledusha,1,
bagaceira,1,
cinderela,1,
traição,1,
nínguem,1,
oh!que,1,
creme,1,
janta,1,
curtida,1,
ohhhh,1,
frasista,1,
eta,1,
oração,1,
valsar,1,
ooooo,1,
africa-miami-rio,1,
cedinho,1,
duh,1,
isang,1,
baroa,1,
impiedosa,1,
sedutoras,1,
arnulfo,1,
hanbuhnman,1,
leite,1,
rede,1,
porraa!!!!!!!!!!!!!111111,1,
noix,1,
tuim,1,
fama,1,
longa,1,
bárbara,1,
ostentação,1,
malandras,1,
sem-vergonhas,1,
pessoas,1,
serenatas,1,
ani,1,
preferencia,1,
unidunitê,1,
sopinha,1,
rabada,1,
cabra-cega,1,
lasanha,1,
breca,1,
dono,1,
esguia,1,
caçamba,1,
chiquê,1,
maneirona,1,
arrochei,1,
praias,1,
marcha,1,
cuel,1,
mancha,1,
poeta,1,
shiu,1,
nanananana,1,
tornastes,1,
riqueza,1,
rumbero,1,
rumba,1,
agadê,1,
antiga,1,
imprevisivel,1,
funagô,1,
lanunlare,1,
uuooaah,1,
transformada,1,
atleta,1,
primitiva,1,
macio,1,
solidao,1,
atitude,1,
tatiana,1,
luar,1,
mini-xotas,1,
fortes,1,
tura,1,
intertextual,1,
sonhador,1,
dadinho,1,
almas,1,
bruxa,1,
queijo,1,
frigideira,1,
clichê,1,
sozinho,1,
filme,1,
peladinha,1,
sestrosa,1,
incansável,1,
descarada,1,
faísca,1,
pintura,1,
bonito,1,
eras,1,
ensino,1,
pressão,1,
fúria,1,
curado,1,
cabeleireiro,1,
internacional,1,
moçinha,1,
desinibida,1,
vish,1,
coqueta,1,
cafe,1,
jornal,1,
empregadinha,1,
tarraca,1,
impossivél,1,
esperientes,1,
estantadinha,1,
bancada,1,
bombada,1,
agenti,1,
mini,1,
nervosas,1,
díficil,1,
limpeza,1,
periculosidade,1,
xodó,1,
freteêra,1,
feio,1,
sujeira,1,
aperto,1,
canário,1,
orginal,1,
margareth,1,
super-homem,1,
gokigen,1,
icky,1,
orla,1,
esocara!!!(bis,1,
exata,1,
artuzinho,1,
maneta,1,
gatas,1,
mané,1,
branquinha,1,
giovventu,1,
calango,1,
suicidio,1,
larguinha,1,
sensuais,1,
bronqueou,1,
claros,1,
disco,1,
docinha,1,
sofendo,1,
cavaleiro,1,
raio,1,
escravos,1,
tagarelas,1,
roba,1,
semente,1,
rep,1,
estudiosa,1,
ralé,1,
inteiro,1,
empolgante,1,
empoderada,1,
beyonce,1,
tinhosa,1,
porsa,1,
mou,1,
reclusa,1,
beque,1,
n,1,
sobrevivo,1,
espeto,1,
simplesinha,1,
semanas,1,
gordin,1,
comandante-chefe,1,
passiva,1,
empregada,1,
aparecida,1,
dose,1,
folgada,1,
adofiaba,1,
estrelinha,1,
estandarte,1,
imensas,1,
vidas,1,
bololô,1,
bandeira,1,
vié,1,
colossal,1,
penas,1,
tostadinha,1,
naturais,1,
lalá,1,
companherada,1,
adultos,1,
pronto,1,
bahiana,1,
ganas,1,
formigas,1,
musica,1,
muchacha,1,
fervorosa,1,
bonitona,1,
devolta,1,
analista,1,
tiu-rá,1,
caladinha,1,
passarada,1,
esforço,1,
aérea,1,
enorme,1,
divórcio,1,
uirulare,1,
minhã,1,
famosinha,1,
capas,1,
lonlonlon,1,
príncipe,1,
interfona,1,
pizza,1,
rebolada,1,
durona[durona,1,
comilona,1,
matreira,1,
espelho,1,
manina,1,
bug-ug,1,
gamado,1,
silene,1,
retraída,1,
cinema,1,
mochila,1,
demaaaaaaais,1,
transportada,1,
cantigue,1,
devegar,1,
duela,1,
tortuosa,1,
cabeleireira,1,
elo,1,
favos,1,
cantina,1,
consequência,1,
lúcida,1,
ventura,1,
proposta,1,
anjinho,1,
doída,1,
porretas,1,
olerê,1,
casadoura,1,
gaga,1,
morna,1,
neta,1,
anagrom,1,
misária,1,
allontanerai,1,
caidinha,1,
chiquitita,1,
jamaicana,1,
desbocada,1,
curtição,1,
dog,1,
marmita,1,
lanchada,1,
botada,1,
área,1,
carmem,1,
iyadagan,1,
risadas,1,
aguenda,1,
mona,1,
heyy,1,
numero,1,
problematica,1,
sambada,1,
atlantida,1,
titio,1,
ivete,1,
elevada,1,
radama,1,
parceiros,1,
problemática,1,
desencana,1,
ham,1,
universal,1,
símbolo,1,
ivato,1,
abriressa,1,
pontuda,1,
hoooi,1,
saracoteia,1,
alegres,1,
cabeçuda,1,
falsas,1,
inflável,1,
besta,1,
perninha,1,
twistar,1,
encurta,1,
maldição,1,
mimosas,1,
garbosa,1,
catedral,1,
áurea,1,
nude,1,
famintas,1,
jure,1,
arminda,1,
atévela,1,
colombinas,1,
sundown,1,
crioula,1,
brasileirinha,1,
marcada,1,
deus,1,
ceguinha,1,
mamãezinha,1,
aconchegada,1,
eaquela,1,
casadinho,1,
guardadas,1,
sincero,1,
fiorino,1,
recoca,1,
árvore,1,
amiguinha,1,
verdadeira/,1,
suburbana,1,
silika,1,
yeah,1,
abelhinha,1,
buzina,1,
chapeuzinho,1,
bandolera,1,
biscateira,1,
lelé,1,
alana,1,
fedida,1,
atrais,1,
dark,1,
"byahabak!""(árabe",1,
yassua,1,
perfumadas,1,
cuatro,1,
dom,1,
eternal,1,
azarolha,1,
viável,1,
parecida,1,
tiene,1,
bandeirante,1,
injusta,1,
robô,1,
esporreta,1,
eliana,1,
verdura,1,
eita,1,
pedaço,1,
absurdo,1,
copa,1,
violão,1,
mingus,1,
ierê,1,
condução,1,
craque,1,
predestinada,1,
travessa,1,
queda,1,
laranja,1,
cochile,1,
gingam,1,
cheirosinha,1,
dançadeiras,1,
adivinhação,1,
guilhermina,1,
laio,1,
teúda,1,
abenção,1,
gloriosa,1,
viuva,1,
sinfonia,1,
d79,1,
em7,1,
facinho,1,
destruida,1,
tchucuntchun,1,
ecko,1,
chavona,1,
abatida,1,
iates,1,
encanto,1,
legais,1,
cachorro,1,
iniciada,1,
caôzeiras,1,
considerada,1,
froxa,1,
cativante,1,
aah,1,
elegantes,1,
aca,1,
desilusão,1,
uohh,1,
paraguaia,1,
edifício,1,
melancolia,1,
atualizada,1,
tema,1,
ppurpurina,1,
descolada,1,
velho,1,
igreja,1,
julgamente,1,
arroxa,1,
lanterna,1,
astronave,1,
prontinha,1,
camarada,1,
láctea,1,
brinquedinho,1,
coragem,1,
escondida,1,
ordem,1,
tostão,1,
locomotivas,1,
insônia,1,
prudentes,1,
valentes,1,
unha,1,
broxa,1,
gororoba,1,
linha,1,
frutinha,1,
doçura,1,
natal,1,
greta,1,
favo,1,
badia,1,
borralheira,1,
nanananananana,1,
cult,1,
emburrada,1,
apegada,1,
interior,1,
ratatata,1,
sorridentes,1,
cravo,1,
convertida,1,
argentina,1,
janaína,1,
andado,1,
frígida,1,
pilúlas,1,
d7,1,
levianas,1,
benedicta,1,
muscula,1,
apimentada,1,
apaixonado,1,
pretensão,1,
chiques,1,
ligeiras,1,
escangalha,1,
maestro,1,
maryane,1,
retrato,1,
gavião,1,
agigantada,1,
interessada,1,
perita,1,
traidora,1,
zika,1,
desengonçada,1,
baratinada,1,
galática,1,
adivinhona,1,
cangaceira,1,
pirritota,1,
tatá,1,
sensata,1,
praianas,1,
tião,1,
anã,1,
fascinadas,1,
maluquete,1,
dorotéia,1,
trenzin,1,
exemplar,1,
bonança,1,
bunda,1,
veloz,1,
psicopata,1,
tanta,1,
largada,1,
treiteira,1,
satisfeita,1,
janeleira,1,
ai,1,
ousadia,1,
grana,1,
rocha,1,
pousada,1,
presença,1,
vivias,1,
dominó,1,
manfredini,1,
casô,1,
chicos,1,
susana,1,
nandinha,1,
close,1,
cobiça,1,
xurpresa,1,
barulho,1,
engulo,1,
peixe,1,
sofrimento,1,
havaiana,1,
velhas,1,
rasteira,1,
gagueja,1,
pirado,1,
cartinha,1,
mundana,1,
garrote,1,
bonitão,1,
engracadinha,1,
aoo,1,
tavalinda,1,
bangula,1,
tremula,1,
cose,1,
latino,1,
elizabeth,1,
cicatriz,1,
olê,1,
modal,1,
t'tudo,1,
espacial,1,
devota,1,
macumba,1,
destinos,1,
cantora,1,
beijo,1,
ooooh,1,
cultura,1,
resto,1,
folho,1,
libidinosa,1,
superelegante,1,
dançarinas,1,
suficiente,1,
admiração,1,
choros,1,
conservadora,1,
cena,1,
mira,1,
foco,1,
vagabunda,1,
noites,1,
fazendinha,1,
sussu,1,
cidadã,1,
cumeno,1,
xonada,1,
leal,1,
mulherada,1,
sussegada,1,
fogueira,1,
academia,1,
doméstica,1,
sjung,1,
ferio,1,
r.,1,
decepção,1,
isaura,1,
dora,1,
prontas,1,
suspense,1,
alzira,1,
mascaradas,1,
charutos,1,
justiça,1,
zanza,1,
melancólica,1,
ganância,1,
arco-íris,1,
liberal,1,
juncada,1,
matéria,1,
fatura,1,
insensível,1,
jeitoza,1,